colony,true_animal,predicted_animal,n_windows
B,B01,B01,104
B,B01,B02,3
B,B01,B14,1
B,B01,B15,2
B,B02,B01,1
B,B02,B02,31
B,B02,B03,9
B,B02,B04,1
B,B02,B05,2
B,B02,B06,1
B,B02,B07,7
B,B02,B08,27
B,B02,B09,3
B,B02,B10,5
B,B02,B11,1
B,B02,B12,3
B,B02,B14,5
B,B02,B15,8
B,B02,B16,6
B,B03,B02,3
B,B03,B03,39
B,B03,B05,5
B,B03,B06,1
B,B03,B07,1
B,B03,B08,15
B,B03,B09,13
B,B03,B10,6
B,B03,B11,1
B,B03,B12,3
B,B03,B13,4
B,B03,B14,2
B,B03,B15,16
B,B03,B16,1
B,B04,B01,2
B,B04,B02,6
B,B04,B03,2
B,B04,B04,24
B,B04,B05,10
B,B04,B06,12
B,B04,B07,3
B,B04,B09,2
B,B04,B10,10
B,B04,B11,3
B,B04,B12,2
B,B04,B13,1
B,B04,B14,9
B,B04,B15,7
B,B04,B16,17
B,B05,B01,3
B,B05,B02,1
B,B05,B03,3
B,B05,B04,6
B,B05,B05,37
B,B05,B07,1
B,B05,B08,1
B,B05,B09,4
B,B05,B10,7
B,B05,B11,16
B,B05,B12,6
B,B05,B13,7
B,B05,B14,5
B,B05,B15,9
B,B05,B16,4
B,B06,B01,1
B,B06,B02,6
B,B06,B04,4
B,B06,B05,3
B,B06,B06,42
B,B06,B07,11
B,B06,B08,4
B,B06,B09,14
B,B06,B10,5
B,B06,B11,9
B,B06,B12,3
B,B06,B14,3
B,B06,B15,2
B,B06,B16,2
B,B06,B17,1
B,B07,B02,15
B,B07,B03,3
B,B07,B04,5
B,B07,B05,1
B,B07,B06,14
B,B07,B07,21
B,B07,B08,14
B,B07,B09,5
B,B07,B10,1
B,B07,B12,2
B,B07,B14,21
B,B07,B15,1
B,B07,B16,7
B,B08,B02,9
B,B08,B03,17
B,B08,B05,1
B,B08,B06,3
B,B08,B07,7
B,B08,B08,47
B,B08,B09,1
B,B08,B10,1
B,B08,B12,2
B,B08,B14,3
B,B08,B15,17
B,B08,B16,2
B,B09,B02,1
B,B09,B03,7
B,B09,B05,6
B,B09,B06,4
B,B09,B07,2
B,B09,B08,1
B,B09,B09,54
B,B09,B10,6
B,B09,B11,3
B,B09,B12,4
B,B09,B13,16
B,B09,B16,6
B,B10,B01,2
B,B10,B03,1
B,B10,B04,11
B,B10,B05,15
B,B10,B06,5
B,B10,B07,2
B,B10,B09,11
B,B10,B10,16
B,B10,B11,4
B,B10,B12,9
B,B10,B14,8
B,B10,B15,2
B,B10,B16,24
B,B11,B01,5
B,B11,B02,2
B,B11,B03,1
B,B11,B04,3
B,B11,B05,11
B,B11,B06,2
B,B11,B07,1
B,B11,B09,1
B,B11,B10,2
B,B11,B11,63
B,B11,B12,4
B,B11,B13,2
B,B11,B14,8
B,B11,B15,5
B,B12,B01,1
B,B12,B02,4
B,B12,B03,5
B,B12,B04,1
B,B12,B05,9
B,B12,B06,2
B,B12,B07,4
B,B12,B08,2
B,B12,B09,12
B,B12,B10,14
B,B12,B11,4
B,B12,B12,28
B,B12,B13,13
B,B12,B15,3
B,B12,B16,7
B,B12,B17,1
B,B13,B03,3
B,B13,B05,1
B,B13,B09,2
B,B13,B10,1
B,B13,B12,8
B,B13,B13,88
B,B13,B16,3
B,B13,B17,4
B,B14,B02,4
B,B14,B03,1
B,B14,B04,2
B,B14,B05,5
B,B14,B06,2
B,B14,B07,14
B,B14,B08,2
B,B14,B10,1
B,B14,B11,6
B,B14,B12,1
B,B14,B14,61
B,B14,B16,11
B,B15,B01,9
B,B15,B02,3
B,B15,B03,16
B,B15,B04,2
B,B15,B05,5
B,B15,B06,3
B,B15,B08,22
B,B15,B10,1
B,B15,B11,9
B,B15,B15,40
B,B16,B02,6
B,B16,B04,5
B,B16,B06,3
B,B16,B07,7
B,B16,B08,4
B,B16,B09,13
B,B16,B10,14
B,B16,B12,3
B,B16,B13,3
B,B16,B14,2
B,B16,B15,2
B,B16,B16,41
B,B16,B17,7
B,B17,B02,1
B,B17,B07,1
B,B17,B09,1
B,B17,B10,1
B,B17,B11,1
B,B17,B13,17
B,B17,B16,4
B,B17,B17,84
H,H01,H01,15
H,H01,H02,5
H,H01,H03,9
H,H01,H04,2
H,H01,H05,11
H,H01,H06,11
H,H01,H07,2
H,H01,H09,1
H,H01,H10,4
H,H01,H11,1
H,H01,H12,12
H,H01,H13,4
H,H01,H14,3
H,H01,H15,3
H,H01,H17,1
H,H01,H18,21
H,H01,H19,3
H,H01,H20,2
H,H02,H02,37
H,H02,H03,8
H,H02,H04,22
H,H02,H06,3
H,H02,H07,1
H,H02,H09,5
H,H02,H10,8
H,H02,H13,20
H,H02,H18,1
H,H02,H19,3
H,H02,H20,2
H,H03,H01,3
H,H03,H03,78
H,H03,H04,19
H,H03,H09,1
H,H03,H11,1
H,H03,H13,3
H,H03,H19,5
H,H04,H02,10
H,H04,H03,30
H,H04,H04,54
H,H04,H05,2
H,H04,H09,1
H,H04,H10,1
H,H04,H11,1
H,H04,H13,2
H,H04,H14,2
H,H04,H16,1
H,H04,H18,2
H,H04,H20,4
H,H05,H01,4
H,H05,H04,3
H,H05,H05,41
H,H05,H06,4
H,H05,H07,1
H,H05,H09,2
H,H05,H11,1
H,H05,H12,1
H,H05,H13,1
H,H05,H14,6
H,H05,H16,1
H,H05,H17,5
H,H05,H18,27
H,H05,H19,5
H,H05,H20,8
H,H06,H02,15
H,H06,H06,70
H,H06,H09,2
H,H06,H10,3
H,H06,H12,3
H,H06,H14,3
H,H06,H15,6
H,H06,H16,3
H,H06,H17,4
H,H06,H20,1
H,H07,H01,1
H,H07,H02,8
H,H07,H05,1
H,H07,H06,1
H,H07,H07,44
H,H07,H08,14
H,H07,H09,3
H,H07,H11,5
H,H07,H13,10
H,H07,H14,2
H,H07,H16,2
H,H07,H17,5
H,H07,H18,4
H,H07,H19,6
H,H07,H20,4
H,H08,H02,2
H,H08,H04,1
H,H08,H05,5
H,H08,H06,1
H,H08,H07,8
H,H08,H08,31
H,H08,H09,2
H,H08,H11,14
H,H08,H12,1
H,H08,H13,15
H,H08,H14,3
H,H08,H15,1
H,H08,H16,6
H,H08,H17,6
H,H08,H18,11
H,H08,H20,3
H,H09,H02,2
H,H09,H06,5
H,H09,H07,1
H,H09,H08,1
H,H09,H09,88
H,H09,H10,1
H,H09,H14,2
H,H09,H15,1
H,H09,H16,6
H,H09,H17,2
H,H09,H19,1
H,H10,H02,20
H,H10,H03,3
H,H10,H04,7
H,H10,H06,5
H,H10,H07,2
H,H10,H08,1
H,H10,H10,39
H,H10,H12,1
H,H10,H13,19
H,H10,H15,8
H,H10,H19,2
H,H10,H20,3
H,H11,H03,1
H,H11,H04,5
H,H11,H05,8
H,H11,H06,3
H,H11,H07,19
H,H11,H08,21
H,H11,H09,2
H,H11,H11,19
H,H11,H12,4
H,H11,H13,5
H,H11,H14,4
H,H11,H15,1
H,H11,H16,3
H,H11,H17,5
H,H11,H18,6
H,H11,H19,2
H,H11,H20,2
H,H12,H01,6
H,H12,H02,1
H,H12,H03,6
H,H12,H05,5
H,H12,H06,10
H,H12,H07,5
H,H12,H08,4
H,H12,H09,3
H,H12,H12,30
H,H12,H14,21
H,H12,H15,1
H,H12,H16,8
H,H12,H17,3
H,H12,H18,4
H,H12,H19,2
H,H12,H20,1
H,H13,H01,3
H,H13,H02,1
H,H13,H03,2
H,H13,H04,6
H,H13,H05,6
H,H13,H07,5
H,H13,H10,5
H,H13,H11,9
H,H13,H12,4
H,H13,H13,51
H,H13,H18,11
H,H13,H19,1
H,H13,H20,6
H,H14,H01,8
H,H14,H03,6
H,H14,H04,6
H,H14,H05,8
H,H14,H06,4
H,H14,H07,3
H,H14,H08,1
H,H14,H09,6
H,H14,H10,2
H,H14,H12,15
H,H14,H14,8
H,H14,H16,19
H,H14,H17,9
H,H14,H18,3
H,H14,H19,6
H,H14,H20,6
H,H15,H05,3
H,H15,H06,12
H,H15,H07,2
H,H15,H08,1
H,H15,H09,21
H,H15,H10,2
H,H15,H14,3
H,H15,H15,27
H,H15,H16,23
H,H15,H17,8
H,H15,H18,1
H,H15,H19,6
H,H15,H20,1
H,H16,H04,1
H,H16,H05,2
H,H16,H06,3
H,H16,H07,3
H,H16,H08,3
H,H16,H09,4
H,H16,H10,2
H,H16,H11,2
H,H16,H12,2
H,H16,H14,2
H,H16,H15,13
H,H16,H16,50
H,H16,H17,18
H,H16,H18,1
H,H16,H19,1
H,H16,H20,3
H,H17,H01,4
H,H17,H03,1
H,H17,H05,5
H,H17,H06,2
H,H17,H07,18
H,H17,H08,12
H,H17,H09,8
H,H17,H11,2
H,H17,H12,6
H,H17,H13,3
H,H17,H14,2
H,H17,H15,1
H,H17,H16,5
H,H17,H17,25
H,H17,H18,7
H,H17,H19,6
H,H17,H20,3
H,H18,H01,4
H,H18,H02,1
H,H18,H03,11
H,H18,H04,4
H,H18,H05,16
H,H18,H06,1
H,H18,H07,6
H,H18,H08,1
H,H18,H10,2
H,H18,H11,2
H,H18,H12,5
H,H18,H13,17
H,H18,H14,2
H,H18,H16,1
H,H18,H17,4
H,H18,H18,22
H,H18,H19,4
H,H18,H20,7
H,H19,H01,7
H,H19,H02,8
H,H19,H03,7
H,H19,H04,2
H,H19,H05,13
H,H19,H06,1
H,H19,H10,1
H,H19,H12,5
H,H19,H13,8
H,H19,H14,2
H,H19,H15,4
H,H19,H16,6
H,H19,H17,2
H,H19,H18,19
H,H19,H19,20
H,H19,H20,5
H,H20,H02,5
H,H20,H04,8
H,H20,H05,14
H,H20,H06,2
H,H20,H07,8
H,H20,H08,1
H,H20,H09,2
H,H20,H10,4
H,H20,H11,2
H,H20,H12,4
H,H20,H13,1
H,H20,H14,3
H,H20,H15,6
H,H20,H16,5
H,H20,H17,19
H,H20,H18,13
H,H20,H20,13
P,P01,P01,12
P,P01,P02,1
P,P01,P03,1
P,P01,P04,4
P,P01,P05,21
P,P01,P06,3
P,P01,P08,1
P,P01,P09,1
P,P01,P10,5
P,P01,P11,3
P,P01,P12,1
P,P01,P13,1
P,P01,P14,2
P,P01,P15,12
P,P01,P16,20
P,P01,P17,2
P,P01,P18,7
P,P01,P20,4
P,P01,P22,5
P,P01,P23,1
P,P01,P24,1
P,P01,P25,1
P,P01,P26,1
P,P02,P01,5
P,P02,P02,2
P,P02,P03,3
P,P02,P04,4
P,P02,P05,16
P,P02,P06,4
P,P02,P07,1
P,P02,P08,4
P,P02,P09,2
P,P02,P11,1
P,P02,P12,1
P,P02,P14,2
P,P02,P15,6
P,P02,P16,22
P,P02,P18,2
P,P02,P19,2
P,P02,P20,2
P,P02,P21,2
P,P02,P22,6
P,P02,P23,8
P,P02,P24,1
P,P02,P25,3
P,P02,P26,4
P,P02,P27,7
P,P03,P01,2
P,P03,P02,2
P,P03,P03,12
P,P03,P04,6
P,P03,P06,2
P,P03,P07,3
P,P03,P08,10
P,P03,P10,5
P,P03,P11,2
P,P03,P12,5
P,P03,P13,2
P,P03,P14,3
P,P03,P16,6
P,P03,P18,1
P,P03,P20,3
P,P03,P22,5
P,P03,P23,12
P,P03,P24,21
P,P03,P25,3
P,P03,P26,1
P,P03,P27,4
P,P04,P01,4
P,P04,P02,3
P,P04,P03,4
P,P04,P04,13
P,P04,P05,12
P,P04,P06,1
P,P04,P08,1
P,P04,P09,8
P,P04,P10,1
P,P04,P11,6
P,P04,P12,4
P,P04,P13,2
P,P04,P14,2
P,P04,P15,2
P,P04,P16,3
P,P04,P17,1
P,P04,P18,3
P,P04,P19,3
P,P04,P20,9
P,P04,P21,3
P,P04,P22,3
P,P04,P23,9
P,P04,P24,2
P,P04,P25,1
P,P04,P26,5
P,P04,P27,5
P,P05,P01,4
P,P05,P02,2
P,P05,P03,1
P,P05,P05,90
P,P05,P10,2
P,P05,P12,2
P,P05,P13,1
P,P05,P15,5
P,P05,P19,1
P,P05,P20,1
P,P05,P24,1
P,P06,P01,1
P,P06,P02,6
P,P06,P03,2
P,P06,P06,27
P,P06,P07,5
P,P06,P08,1
P,P06,P09,1
P,P06,P10,2
P,P06,P11,1
P,P06,P12,8
P,P06,P13,1
P,P06,P14,2
P,P06,P15,2
P,P06,P16,2
P,P06,P19,1
P,P06,P21,6
P,P06,P22,3
P,P06,P23,10
P,P06,P24,1
P,P06,P25,13
P,P06,P26,14
P,P06,P27,1
P,P07,P01,1
P,P07,P03,3
P,P07,P06,10
P,P07,P07,61
P,P07,P08,2
P,P07,P10,1
P,P07,P12,1
P,P07,P13,1
P,P07,P15,1
P,P07,P17,2
P,P07,P19,2
P,P07,P21,13
P,P07,P23,3
P,P07,P25,4
P,P07,P26,5
P,P08,P02,3
P,P08,P03,4
P,P08,P04,5
P,P08,P06,1
P,P08,P07,18
P,P08,P08,27
P,P08,P09,3
P,P08,P10,1
P,P08,P11,1
P,P08,P12,6
P,P08,P13,1
P,P08,P14,7
P,P08,P15,1
P,P08,P16,1
P,P08,P17,2
P,P08,P19,2
P,P08,P20,7
P,P08,P21,8
P,P08,P22,4
P,P08,P23,3
P,P08,P26,4
P,P08,P27,1
P,P09,P03,5
P,P09,P04,1
P,P09,P06,2
P,P09,P07,4
P,P09,P08,3
P,P09,P09,17
P,P09,P10,14
P,P09,P11,6
P,P09,P12,1
P,P09,P13,9
P,P09,P14,5
P,P09,P15,1
P,P09,P17,1
P,P09,P18,12
P,P09,P19,2
P,P09,P20,3
P,P09,P21,2
P,P09,P22,2
P,P09,P23,6
P,P09,P24,3
P,P09,P25,10
P,P09,P27,1
P,P10,P01,1
P,P10,P03,4
P,P10,P04,1
P,P10,P06,2
P,P10,P08,1
P,P10,P09,2
P,P10,P10,57
P,P10,P11,1
P,P10,P13,8
P,P10,P14,3
P,P10,P15,2
P,P10,P16,1
P,P10,P17,2
P,P10,P18,10
P,P10,P20,1
P,P10,P21,1
P,P10,P22,2
P,P10,P24,1
P,P10,P25,8
P,P10,P27,2
P,P11,P01,3
P,P11,P02,1
P,P11,P03,3
P,P11,P04,9
P,P11,P05,1
P,P11,P06,1
P,P11,P08,1
P,P11,P09,13
P,P11,P10,3
P,P11,P11,12
P,P11,P12,1
P,P11,P13,4
P,P11,P14,1
P,P11,P15,1
P,P11,P16,13
P,P11,P18,6
P,P11,P20,1
P,P11,P22,4
P,P11,P23,8
P,P11,P24,10
P,P11,P25,2
P,P11,P26,8
P,P11,P27,4
P,P12,P01,6
P,P12,P02,3
P,P12,P03,3
P,P12,P04,2
P,P12,P05,19
P,P12,P06,7
P,P12,P07,5
P,P12,P08,5
P,P12,P09,1
P,P12,P10,1
P,P12,P11,1
P,P12,P12,4
P,P12,P14,11
P,P12,P15,9
P,P12,P16,6
P,P12,P17,2
P,P12,P19,4
P,P12,P20,1
P,P12,P21,2
P,P12,P22,3
P,P12,P23,4
P,P12,P24,2
P,P12,P25,2
P,P12,P26,4
P,P12,P27,3
P,P13,P01,1
P,P13,P06,2
P,P13,P07,6
P,P13,P09,17
P,P13,P10,10
P,P13,P11,5
P,P13,P12,1
P,P13,P13,16
P,P13,P14,7
P,P13,P15,5
P,P13,P17,2
P,P13,P18,8
P,P13,P19,3
P,P13,P20,3
P,P13,P21,9
P,P13,P23,6
P,P13,P25,7
P,P13,P26,1
P,P13,P27,1
P,P14,P01,7
P,P14,P02,2
P,P14,P04,3
P,P14,P05,14
P,P14,P06,2
P,P14,P08,2
P,P14,P09,1
P,P14,P10,14
P,P14,P11,2
P,P14,P12,1
P,P14,P13,4
P,P14,P14,6
P,P14,P15,3
P,P14,P16,2
P,P14,P17,1
P,P14,P18,5
P,P14,P20,1
P,P14,P21,3
P,P14,P23,2
P,P14,P24,21
P,P14,P25,3
P,P14,P27,11
P,P15,P01,3
P,P15,P02,2
P,P15,P03,1
P,P15,P04,2
P,P15,P05,14
P,P15,P07,1
P,P15,P09,6
P,P15,P11,1
P,P15,P12,4
P,P15,P13,3
P,P15,P14,2
P,P15,P15,46
P,P15,P17,5
P,P15,P18,6
P,P15,P19,1
P,P15,P20,3
P,P15,P21,8
P,P15,P23,1
P,P15,P24,1
P,P16,P01,4
P,P16,P02,6
P,P16,P04,3
P,P16,P05,2
P,P16,P06,1
P,P16,P07,1
P,P16,P10,2
P,P16,P11,1
P,P16,P12,2
P,P16,P14,2
P,P16,P15,3
P,P16,P16,62
P,P16,P18,3
P,P16,P19,1
P,P16,P20,1
P,P16,P22,1
P,P16,P23,8
P,P16,P24,7
P,P17,P01,1
P,P17,P02,3
P,P17,P03,6
P,P17,P04,6
P,P17,P07,6
P,P17,P08,3
P,P17,P09,3
P,P17,P10,4
P,P17,P11,7
P,P17,P12,6
P,P17,P13,2
P,P17,P14,2
P,P17,P15,9
P,P17,P16,4
P,P17,P17,9
P,P17,P18,7
P,P17,P19,1
P,P17,P20,11
P,P17,P21,7
P,P17,P22,1
P,P17,P23,1
P,P17,P24,2
P,P17,P26,3
P,P17,P27,6
P,P18,P04,1
P,P18,P05,1
P,P18,P07,1
P,P18,P09,19
P,P18,P10,3
P,P18,P11,8
P,P18,P12,1
P,P18,P14,6
P,P18,P15,1
P,P18,P16,3
P,P18,P18,48
P,P18,P19,1
P,P18,P23,1
P,P18,P24,13
P,P18,P27,3
P,P19,P01,2
P,P19,P02,4
P,P19,P03,4
P,P19,P04,6
P,P19,P05,1
P,P19,P06,2
P,P19,P07,12
P,P19,P08,8
P,P19,P09,4
P,P19,P10,5
P,P19,P13,6
P,P19,P15,4
P,P19,P17,2
P,P19,P19,7
P,P19,P20,11
P,P19,P21,7
P,P19,P22,2
P,P19,P23,5
P,P19,P24,1
P,P19,P25,4
P,P19,P26,11
P,P19,P27,2
P,P20,P01,2
P,P20,P02,3
P,P20,P03,11
P,P20,P04,5
P,P20,P05,6
P,P20,P07,5
P,P20,P08,4
P,P20,P09,3
P,P20,P10,1
P,P20,P12,3
P,P20,P13,5
P,P20,P14,5
P,P20,P15,12
P,P20,P16,6
P,P20,P17,4
P,P20,P18,1
P,P20,P19,5
P,P20,P20,10
P,P20,P21,6
P,P20,P22,4
P,P20,P23,5
P,P20,P24,1
P,P20,P25,1
P,P20,P26,1
P,P20,P27,1
P,P21,P03,1
P,P21,P04,2
P,P21,P06,7
P,P21,P07,11
P,P21,P08,1
P,P21,P10,8
P,P21,P12,1
P,P21,P13,5
P,P21,P14,4
P,P21,P15,5
P,P21,P17,1
P,P21,P19,3
P,P21,P21,48
P,P21,P22,3
P,P21,P23,3
P,P21,P25,6
P,P21,P26,1
P,P22,P01,4
P,P22,P02,1
P,P22,P03,3
P,P22,P04,4
P,P22,P06,2
P,P22,P07,11
P,P22,P08,3
P,P22,P09,1
P,P22,P10,1
P,P22,P12,4
P,P22,P13,1
P,P22,P14,2
P,P22,P15,1
P,P22,P16,19
P,P22,P19,3
P,P22,P20,1
P,P22,P22,13
P,P22,P23,11
P,P22,P24,15
P,P22,P25,1
P,P22,P26,9
P,P23,P01,3
P,P23,P02,7
P,P23,P03,6
P,P23,P04,2
P,P23,P05,1
P,P23,P06,1
P,P23,P07,4
P,P23,P09,3
P,P23,P11,3
P,P23,P12,2
P,P23,P13,2
P,P23,P14,4
P,P23,P15,15
P,P23,P16,5
P,P23,P17,1
P,P23,P18,1
P,P23,P19,5
P,P23,P20,3
P,P23,P21,3
P,P23,P22,7
P,P23,P23,17
P,P23,P24,4
P,P23,P25,6
P,P23,P26,2
P,P23,P27,3
P,P24,P01,5
P,P24,P03,8
P,P24,P04,3
P,P24,P05,3
P,P24,P06,6
P,P24,P07,1
P,P24,P09,2
P,P24,P10,10
P,P24,P11,2
P,P24,P12,2
P,P24,P13,7
P,P24,P14,7
P,P24,P15,9
P,P24,P16,2
P,P24,P18,4
P,P24,P19,2
P,P24,P20,3
P,P24,P21,1
P,P24,P22,2
P,P24,P23,1
P,P24,P24,25
P,P24,P26,2
P,P24,P27,3
P,P25,P03,1
P,P25,P06,15
P,P25,P07,6
P,P25,P09,1
P,P25,P10,5
P,P25,P11,2
P,P25,P12,1
P,P25,P13,1
P,P25,P14,6
P,P25,P18,1
P,P25,P19,2
P,P25,P21,9
P,P25,P22,1
P,P25,P24,1
P,P25,P25,47
P,P25,P26,10
P,P25,P27,1
P,P26,P02,9
P,P26,P03,2
P,P26,P04,3
P,P26,P06,11
P,P26,P07,7
P,P26,P08,5
P,P26,P11,1
P,P26,P12,5
P,P26,P14,1
P,P26,P17,1
P,P26,P19,4
P,P26,P21,3
P,P26,P22,4
P,P26,P23,3
P,P26,P24,1
P,P26,P25,6
P,P26,P26,42
P,P26,P27,2
P,P27,P01,3
P,P27,P02,2
P,P27,P03,4
P,P27,P04,4
P,P27,P06,1
P,P27,P09,7
P,P27,P10,19
P,P27,P11,1
P,P27,P13,7
P,P27,P14,4
P,P27,P15,3
P,P27,P16,9
P,P27,P17,1
P,P27,P18,26
P,P27,P19,1
P,P27,P20,5
P,P27,P22,1
P,P27,P24,5
P,P27,P27,7
S,S01,S01,56
S,S01,S02,4
S,S01,S03,7
S,S01,S05,1
S,S01,S06,4
S,S01,S07,1
S,S01,S08,1
S,S01,S09,2
S,S01,S10,1
S,S01,S11,1
S,S01,S12,1
S,S01,S13,1
S,S01,S14,3
S,S01,S15,1
S,S01,S16,2
S,S01,S17,1
S,S01,S18,21
S,S01,S19,2
S,S02,S01,6
S,S02,S02,45
S,S02,S03,11
S,S02,S05,1
S,S02,S08,3
S,S02,S10,2
S,S02,S11,8
S,S02,S12,6
S,S02,S13,1
S,S02,S14,2
S,S02,S15,1
S,S02,S16,6
S,S02,S17,5
S,S02,S18,6
S,S02,S19,7
S,S03,S01,22
S,S03,S02,5
S,S03,S03,29
S,S03,S04,2
S,S03,S05,3
S,S03,S07,4
S,S03,S08,4
S,S03,S09,1
S,S03,S10,2
S,S03,S11,3
S,S03,S12,3
S,S03,S13,1
S,S03,S14,6
S,S03,S15,5
S,S03,S16,13
S,S03,S17,1
S,S03,S18,4
S,S03,S19,2
S,S04,S01,1
S,S04,S03,1
S,S04,S04,32
S,S04,S05,8
S,S04,S07,10
S,S04,S08,1
S,S04,S09,11
S,S04,S10,6
S,S04,S11,1
S,S04,S12,1
S,S04,S13,11
S,S04,S14,11
S,S04,S15,3
S,S04,S17,3
S,S04,S18,2
S,S04,S19,8
S,S05,S01,4
S,S05,S02,2
S,S05,S03,4
S,S05,S05,27
S,S05,S07,11
S,S05,S09,3
S,S05,S10,2
S,S05,S11,2
S,S05,S12,9
S,S05,S13,4
S,S05,S14,11
S,S05,S15,10
S,S05,S16,6
S,S05,S17,9
S,S05,S18,2
S,S05,S19,4
S,S06,S06,110
S,S07,S01,4
S,S07,S02,2
S,S07,S03,10
S,S07,S04,3
S,S07,S05,9
S,S07,S07,45
S,S07,S08,3
S,S07,S09,2
S,S07,S10,3
S,S07,S11,4
S,S07,S12,12
S,S07,S13,2
S,S07,S14,4
S,S07,S15,2
S,S07,S17,3
S,S07,S18,2
S,S08,S01,9
S,S08,S03,1
S,S08,S04,3
S,S08,S05,2
S,S08,S07,12
S,S08,S08,26
S,S08,S09,4
S,S08,S10,4
S,S08,S11,4
S,S08,S12,5
S,S08,S13,5
S,S08,S14,5
S,S08,S15,2
S,S08,S16,7
S,S08,S17,10
S,S08,S18,7
S,S08,S19,4
S,S09,S01,3
S,S09,S02,5
S,S09,S04,13
S,S09,S05,3
S,S09,S07,3
S,S09,S08,7
S,S09,S09,19
S,S09,S10,1
S,S09,S11,16
S,S09,S13,9
S,S09,S14,15
S,S09,S16,4
S,S09,S17,4
S,S09,S18,4
S,S09,S19,4
S,S10,S01,11
S,S10,S02,8
S,S10,S03,5
S,S10,S04,3
S,S10,S05,3
S,S10,S06,4
S,S10,S07,5
S,S10,S08,8
S,S10,S09,5
S,S10,S10,11
S,S10,S11,1
S,S10,S12,5
S,S10,S13,7
S,S10,S14,6
S,S10,S15,4
S,S10,S16,2
S,S10,S17,13
S,S10,S18,7
S,S10,S19,2
S,S11,S01,1
S,S11,S02,4
S,S11,S04,5
S,S11,S05,3
S,S11,S07,6
S,S11,S08,9
S,S11,S09,11
S,S11,S10,7
S,S11,S11,34
S,S11,S12,4
S,S11,S13,4
S,S11,S14,6
S,S11,S17,6
S,S11,S18,3
S,S11,S19,7
S,S12,S01,14
S,S12,S02,12
S,S12,S03,6
S,S12,S04,1
S,S12,S05,12
S,S12,S07,8
S,S12,S08,5
S,S12,S09,2
S,S12,S10,4
S,S12,S11,2
S,S12,S12,11
S,S12,S13,2
S,S12,S14,2
S,S12,S15,5
S,S12,S16,2
S,S12,S17,2
S,S12,S18,15
S,S12,S19,5
S,S13,S01,1
S,S13,S02,4
S,S13,S04,10
S,S13,S06,1
S,S13,S07,2
S,S13,S09,6
S,S13,S10,2
S,S13,S11,2
S,S13,S12,3
S,S13,S13,49
S,S13,S14,11
S,S13,S15,2
S,S13,S16,3
S,S13,S17,3
S,S13,S18,1
S,S13,S19,10
S,S14,S01,1
S,S14,S02,1
S,S14,S03,1
S,S14,S04,4
S,S14,S05,5
S,S14,S07,8
S,S14,S08,3
S,S14,S09,9
S,S14,S10,3
S,S14,S11,9
S,S14,S13,7
S,S14,S14,46
S,S14,S16,2
S,S14,S17,2
S,S14,S18,9
S,S15,S02,2
S,S15,S03,6
S,S15,S04,4
S,S15,S05,6
S,S15,S06,12
S,S15,S08,3
S,S15,S09,6
S,S15,S10,2
S,S15,S11,2
S,S15,S12,1
S,S15,S13,6
S,S15,S15,28
S,S15,S16,25
S,S15,S19,7
S,S16,S02,1
S,S16,S03,9
S,S16,S05,1
S,S16,S06,2
S,S16,S10,1
S,S16,S11,1
S,S16,S13,1
S,S16,S15,8
S,S16,S16,82
S,S16,S17,2
S,S16,S19,2
S,S17,S01,10
S,S17,S02,16
S,S17,S03,5
S,S17,S05,5
S,S17,S07,9
S,S17,S08,7
S,S17,S09,5
S,S17,S10,5
S,S17,S11,3
S,S17,S12,4
S,S17,S13,5
S,S17,S14,2
S,S17,S15,3
S,S17,S16,1
S,S17,S17,22
S,S17,S18,3
S,S17,S19,5
S,S18,S01,28
S,S18,S02,8
S,S18,S03,2
S,S18,S05,1
S,S18,S06,8
S,S18,S07,5
S,S18,S08,2
S,S18,S09,2
S,S18,S10,3
S,S18,S12,8
S,S18,S14,8
S,S18,S16,4
S,S18,S17,1
S,S18,S18,29
S,S18,S19,1
S,S19,S01,7
S,S19,S02,20
S,S19,S03,3
S,S19,S04,3
S,S19,S05,6
S,S19,S07,1
S,S19,S09,3
S,S19,S10,2
S,S19,S11,3
S,S19,S12,5
S,S19,S13,9
S,S19,S14,2
S,S19,S15,5
S,S19,S16,10
S,S19,S17,9
S,S19,S18,1
S,S19,S19,21
