analysis,colony,window_seconds,train_minutes,test_minutes,n_animals,n_recovered
window_size,B,15,5,5,17,13
window_size,H,15,5,5,20,14
window_size,P,15,5,5,27,15
window_size,S,15,5,5,19,13
window_size,B,45,5,5,17,13
window_size,H,45,5,5,20,12
window_size,P,45,5,5,27,15
window_size,S,45,5,5,19,15
window_size,B,30,5,5,17,15
window_size,H,30,5,5,20,16
window_size,P,30,5,5,27,15
window_size,S,30,5,5,19,17
window_size,B,60,5,5,17,13
window_size,H,60,5,5,20,15
window_size,P,60,5,5,27,18
window_size,S,60,5,5,19,16
training_duration,B,30,5,5,17,15
training_duration,B,30,6,4,17,14
training_duration,B,30,7,3,17,16
training_duration,B,30,8,2,17,15
training_duration,B,30,9,1,17,16
training_duration,B,30,9.5,0.5,17,15
training_duration,H,30,5,5,20,16
training_duration,H,30,6,4,20,16
training_duration,H,30,7,3,20,17
training_duration,H,30,8,2,20,14
training_duration,H,30,9,1,20,17
training_duration,H,30,9.5,0.5,20,15
training_duration,P,30,5,5,27,15
training_duration,P,30,6,4,27,18
training_duration,P,30,7,3,27,17
training_duration,P,30,8,2,27,18
training_duration,P,30,9,1,27,19
training_duration,P,30,9.5,0.5,27,17
training_duration,S,30,5,5,19,17
training_duration,S,30,6,4,19,15
training_duration,S,30,7,3,19,15
training_duration,S,30,8,2,19,18
training_duration,S,30,9,1,19,17
training_duration,S,30,9.5,0.5,19,15
