colony,interval,rank_time1,rank_time2
H,4 months,11,13
H,4 months,14,16
H,4 months,17,12
H,4 months,8,4
H,4 months,18,14
H,4 months,10,7
H,4 months,7,5
H,4 months,13,18
H,4 months,9,9
H,4 months,1,2
H,4 months,12,15
H,4 months,6,11
H,4 months,5,1
H,4 months,16,10
H,4 months,2,6
H,4 months,15,17
H,4 months,4,8
H,4 months,3,3
P,2 years,1,3
P,2 years,6,5
P,2 years,2,2
P,2 years,7,6
P,2 years,8,7
P,2 years,3,1
P,2 years,5,8
P,2 years,4,4
S,2 months,3,9
S,2 months,9,4
S,2 months,2,2
S,2 months,13,16
S,2 months,1,1
S,2 months,16,17
S,2 months,8,13
S,2 months,14,14
S,2 months,15,10
S,2 months,17,15
S,2 months,7,6
S,2 months,18,18
S,2 months,4,5
S,2 months,6,8
S,2 months,10,7
S,2 months,12,12
S,2 months,11,11
S,2 months,19,19
S,2 months,5,3
