colony,true_rank,predicted_rank
B,3,2
B,4,7.5
B,7,10.5
B,1,4
B,9,6
B,13,13
B,14,15
B,11,12
B,5,5
B,6,3
B,10,10.5
B,12,14
B,8,9
B,15,7.5
B,2,1
H,16,12
H,4,3
H,17,16
H,18,16
H,11,7.5
H,15,18
H,5,9
H,2,2
H,12,7.5
H,14,16
H,10,6
H,8,12
H,9,10
H,6,12
H,1,1
H,7,4
H,3,5
H,13,14
P,3,4
P,16,23
P,1,12
P,15,8.5
P,24,24
P,7,18
P,9,8.5
P,10,12
P,2,5.5
P,4,2
P,17,12
P,5,3
P,21,20
P,12,22
P,11,10
P,22,15
P,18,20
P,8,7
P,20,20
P,13,17
P,19,15
P,14,5.5
P,6,1
P,23,15
S,13,11.5
S,4,7.5
S,11,14
S,2,1
S,10,7.5
S,6,4
S,9,6
S,19,16
S,3,3
S,1,2
S,8,5
S,17,13
S,12,9
S,14,15
S,16,19
S,5,18
S,15,17
S,18,11.5
S,7,10
