colony,family,mean_family_fraction,n_animals
all,pause,0.244983,85
all,forward_movement,0.413641,85
all,turn,0.169188,85
all,dig,0.0556342,85
all,scratch,0.0211471,85
all,reverse_movement,0.0235145,85
all,rear,0.0102121,85
B,pause,0.265733,18
B,forward_movement,0.387976,18
B,turn,0.167223,18
B,dig,0.0512607,18
B,scratch,0.0405245,18
B,reverse_movement,0.0077048,18
B,rear,0.0108097,18
H,pause,0.238134,21
H,forward_movement,0.42666,21
H,turn,0.181065,21
H,dig,0.0155658,21
H,scratch,0.0260563,21
H,reverse_movement,0.0177781,21
H,rear,0.015044,21
P,pause,0.288728,27
P,forward_movement,0.359477,27
P,turn,0.172093,27
P,dig,0.0679321,27
P,scratch,0.0165908,27
P,reverse_movement,0.0335833,27
P,rear,0.00364659,27
S,pause,0.170733,19
S,forward_movement,0.500538,19
S,turn,0.153796,19
S,dig,0.0865875,19
S,scratch,0.00383836,19
S,reverse_movement,0.0305241,19
S,rear,0.0136353,19
