colony,from_family,to_family,transition_probability
all,pause,pause,0.0265362
all,forward_movement,pause,0.527588
all,turn,pause,0.32723
all,dig,pause,0.325943
all,scratch,pause,0.214583
all,reverse_movement,pause,0.345554
all,rear,pause,0.446809
all,pause,forward_movement,0.441018
all,forward_movement,forward_movement,0.195234
all,turn,forward_movement,0.517129
all,dig,forward_movement,0.27888
all,scratch,forward_movement,0.10625
all,reverse_movement,forward_movement,0.074883
all,rear,forward_movement,0.212766
all,pause,turn,0.394521
all,forward_movement,turn,0.173313
all,turn,turn,0.115869
all,dig,turn,0.13769
all,scratch,turn,0.302083
all,reverse_movement,turn,0.523401
all,rear,turn,0.319149
all,pause,dig,0.0614481
all,forward_movement,dig,0.0656241
all,turn,dig,0.0188029
all,dig,dig,0.24543
all,scratch,dig,0.00625
all,reverse_movement,dig,0.0117005
all,rear,dig,0.0106383
all,pause,scratch,0.0121331
all,forward_movement,scratch,0.0103797
all,turn,scratch,0.0100413
all,dig,scratch,0.0101128
all,scratch,scratch,0.364583
all,reverse_movement,scratch,0.0124805
all,rear,scratch,0.0106383
all,pause,reverse_movement,0.0613699
all,forward_movement,reverse_movement,0.0259492
all,turn,reverse_movement,0.00826934
all,dig,reverse_movement,0.00194477
all,scratch,reverse_movement,0.00625
all,reverse_movement,reverse_movement,0.0319813
all,rear,reverse_movement,0
all,pause,rear,0.00297456
all,forward_movement,rear,0.00191205
all,turn,rear,0.002658
all,dig,rear,0
all,scratch,rear,0
all,reverse_movement,rear,0
all,rear,rear,0
B,pause,pause,0.0318962
B,forward_movement,pause,0.520933
B,turn,pause,0.371806
B,dig,pause,0.304284
B,scratch,pause,0.238095
B,reverse_movement,pause,0.287129
B,rear,pause,0.5
B,pause,forward_movement,0.404487
B,forward_movement,forward_movement,0.219559
B,turn,forward_movement,0.456133
B,dig,forward_movement,0.236337
B,scratch,forward_movement,0.10119
B,reverse_movement,forward_movement,0.00990099
B,rear,forward_movement,0.142857
B,pause,turn,0.440589
B,forward_movement,turn,0.173857
B,turn,turn,0.132453
B,dig,turn,0.0974889
B,scratch,turn,0.333333
B,reverse_movement,turn,0.633663
B,rear,turn,0.357143
B,pause,dig,0.0704522
B,forward_movement,dig,0.0613615
B,turn,dig,0.0187394
B,dig,dig,0.350074
B,scratch,dig,0
B,reverse_movement,dig,0.039604
B,rear,dig,0
B,pause,scratch,0.0245356
B,forward_movement,scratch,0.0134228
B,turn,scratch,0.0144804
B,dig,scratch,0.00886263
B,scratch,scratch,0.321429
B,reverse_movement,scratch,0.019802
B,rear,scratch,0
B,pause,reverse_movement,0.0262881
B,forward_movement,reverse_movement,0.00767018
B,turn,reverse_movement,0.00255537
B,dig,reverse_movement,0.00295421
B,scratch,reverse_movement,0.00595238
B,reverse_movement,reverse_movement,0.00990099
B,rear,reverse_movement,0
B,pause,rear,0.00175254
B,forward_movement,rear,0.00319591
B,turn,rear,0.00383305
B,dig,rear,0
B,scratch,rear,0
B,reverse_movement,rear,0
B,rear,rear,0
H,pause,pause,0.0239423
H,forward_movement,pause,0.566667
H,turn,pause,0.310795
H,dig,pause,0.413793
H,scratch,pause,0.189349
H,reverse_movement,pause,0.221805
H,rear,pause,0.533333
H,pause,forward_movement,0.496884
H,forward_movement,forward_movement,0.164124
H,turn,forward_movement,0.532226
H,dig,forward_movement,0.333333
H,scratch,forward_movement,0.100592
H,reverse_movement,forward_movement,0.0864662
H,rear,forward_movement,0.166667
H,pause,turn,0.392588
H,forward_movement,turn,0.203955
H,turn,turn,0.118624
H,dig,turn,0.103448
H,scratch,turn,0.301775
H,reverse_movement,turn,0.646617
H,rear,turn,0.266667
H,pause,dig,0.0209905
H,forward_movement,dig,0.0186441
H,turn,dig,0.0059312
H,dig,dig,0.137931
H,scratch,dig,0
H,reverse_movement,dig,0.0112782
H,rear,dig,0
H,pause,scratch,0.0147589
H,forward_movement,scratch,0.0166667
H,turn,scratch,0.018189
H,dig,scratch,0.00574713
H,scratch,scratch,0.408284
H,reverse_movement,scratch,0.0150376
H,rear,scratch,0.0333333
H,pause,reverse_movement,0.0459167
H,forward_movement,reverse_movement,0.0282486
H,turn,reverse_movement,0.0122578
H,dig,reverse_movement,0.00574713
H,scratch,reverse_movement,0
H,reverse_movement,reverse_movement,0.018797
H,rear,reverse_movement,0
H,pause,rear,0.00491965
H,forward_movement,rear,0.00169492
H,turn,rear,0.00197707
H,dig,rear,0
H,scratch,rear,0
H,reverse_movement,rear,0
H,rear,rear,0
P,pause,pause,0.029805
P,forward_movement,pause,0.583847
P,turn,pause,0.38567
P,dig,pause,0.31969
P,scratch,pause,0.216667
P,reverse_movement,pause,0.453333
P,rear,pause,0.4
P,pause,forward_movement,0.443349
P,forward_movement,forward_movement,0.169014
P,turn,forward_movement,0.458255
P,dig,forward_movement,0.242257
P,scratch,forward_movement,0.0833333
P,reverse_movement,forward_movement,0.0685714
P,rear,forward_movement,0.4
P,pause,turn,0.380451
P,forward_movement,turn,0.146347
P,turn,turn,0.118069
P,dig,turn,0.134956
P,scratch,turn,0.266667
P,reverse_movement,turn,0.422857
P,rear,turn,0.2
P,pause,dig,0.0628972
P,forward_movement,dig,0.0633803
P,turn,dig,0.0221184
P,dig,dig,0.285398
P,scratch,dig,0.025
P,reverse_movement,dig,0.00761905
P,rear,dig,0
P,pause,scratch,0.00745124
P,forward_movement,scratch,0.00792254
P,turn,scratch,0.005919
P,dig,scratch,0.0176991
P,scratch,scratch,0.391667
P,reverse_movement,scratch,0.0190476
P,rear,scratch,0
P,pause,reverse_movement,0.0756082
P,forward_movement,reverse_movement,0.0286092
P,turn,reverse_movement,0.00872274
P,dig,reverse_movement,0
P,scratch,reverse_movement,0.0166667
P,reverse_movement,reverse_movement,0.0285714
P,rear,reverse_movement,0
P,pause,rear,0.000438308
P,forward_movement,rear,0.000880282
P,turn,rear,0.00124611
P,dig,rear,0
P,scratch,rear,0
P,reverse_movement,rear,0
P,rear,rear,0
S,pause,pause,0.0168831
S,forward_movement,pause,0.418828
S,turn,pause,0.206181
S,dig,pause,0.332108
S,scratch,pause,0.217391
S,reverse_movement,pause,0.3
S,rear,pause,0.375
S,pause,forward_movement,0.407792
S,forward_movement,forward_movement,0.239872
S,turn,forward_movement,0.659102
S,dig,forward_movement,0.343137
S,scratch,forward_movement,0.304348
S,reverse_movement,forward_movement,0.0923077
S,rear,forward_movement,0.225
S,pause,turn,0.367965
S,forward_movement,turn,0.176916
S,turn,turn,0.0902945
S,dig,turn,0.181373
S,scratch,turn,0.26087
S,reverse_movement,turn,0.546154
S,rear,turn,0.375
S,pause,dig,0.100866
S,forward_movement,dig,0.120956
S,turn,dig,0.0294544
S,dig,dig,0.137255
S,scratch,dig,0
S,reverse_movement,dig,0.0102564
S,rear,dig,0.025
S,pause,scratch,0.0025974
S,forward_movement,scratch,0.0043719
S,turn,scratch,0.00144858
S,dig,scratch,0.00367647
S,scratch,scratch,0.217391
S,reverse_movement,scratch,0
S,rear,scratch,0
S,pause,reverse_movement,0.0969697
S,forward_movement,reverse_movement,0.036724
S,turn,reverse_movement,0.00917431
S,dig,reverse_movement,0.00245098
S,scratch,reverse_movement,0
S,reverse_movement,reverse_movement,0.0512821
S,rear,reverse_movement,0
S,pause,rear,0.00692641
S,forward_movement,rear,0.00233168
S,turn,rear,0.00434573
S,dig,rear,0
S,scratch,rear,0
S,reverse_movement,rear,0
S,rear,rear,0
